id,timestamp,image_filename,description,novelty_score,usefulness_score,aesthetics_score,marketability_score,sustainability_score,overall_score,novelty_reasoning,usefulness_reasoning,aesthetics_reasoning,marketability_reasoning,sustainability_reasoning
d1966546-f7b7-43d1-a1b2-d7b00f1301d5,2026-02-11T19:22:32.799309,d1966546-f7b7-43d1-a1b2-d7b00f1301d5.jpeg,dsada,0,0,0,0,0,0,"Error: Error code: 401 - {'error': {'message': 'Incorrect API key provided: placeholder. You can find your API key at https://platform.openai.com/account/api-keys.', 'type': 'invalid_request_error', 'param': None, 'code': 'invalid_api_key'}}",Could not process request due to API error.,N/A,N/A,N/A
b9c85151-2085-498c-b0e9-baad07202790,2026-02-11T19:32:26.884748,b9c85151-2085-498c-b0e9-baad07202790.jpg,"Design a chair that has never existed before for a specific user and environment of your choice. Explain how its shape, materials, and features solve a real problem while also making the chair visually unique.",0,0,0,0,0,0,"Error: Error code: 401 - {'error': {'message': 'Incorrect API key provided: placeholder. You can find your API key at https://platform.openai.com/account/api-keys.', 'type': 'invalid_request_error', 'param': None, 'code': 'invalid_api_key'}}",Could not process request due to API error.,N/A,N/A,N/A
edb41819-4691-45e6-b214-085b7e45a3e9,2026-02-11T19:32:46.587717,edb41819-4691-45e6-b214-085b7e45a3e9.jpg,"Design a chair that has never existed before for a specific user and environment of your choice. Explain how its shape, materials, and features solve a real problem while also making the chair visually unique.",0,0,0,0,0,0,"Error: Error code: 401 - {'error': {'message': 'Incorrect API key provided: placeholder. You can find your API key at https://platform.openai.com/account/api-keys.', 'type': 'invalid_request_error', 'param': None, 'code': 'invalid_api_key'}}",Could not process request due to API error.,N/A,N/A,N/A
ae5b80ca-a8e6-48ef-8bff-c5a55dd21f00,2026-02-11T19:37:59.617331,ae5b80ca-a8e6-48ef-8bff-c5a55dd21f00.jpg,"Design a chair that has never existed before for a specific user and environment of your choice. Explain how its shape, materials, and features solve a real problem while also making the chair visually unique.",0,0,0,0,0,0,"Error: Error code: 401 - {'error': {'message': 'Incorrect API key provided: placeholder. You can find your API key at https://platform.openai.com/account/api-keys.', 'type': 'invalid_request_error', 'param': None, 'code': 'invalid_api_key'}}",Could not process request due to API error.,N/A,N/A,N/A
b91df3d2-7c2f-4a2e-b073-3d84d3ddb525,2026-02-11T19:43:45.640251,b91df3d2-7c2f-4a2e-b073-3d84d3ddb525.jpg,Failed to analyze design. Please check backend.,0,0,0,0,0,0,"Error: Error code: 429 - {'error': {'message': 'You exceeded your current quota, please check your plan and billing details. For more information on this error, read the docs: https://platform.openai.com/docs/guides/error-codes/api-errors.', 'type': 'insufficient_quota', 'param': None, 'code': 'insufficient_quota'}}",Could not process request due to API error.,N/A,N/A,N/A
eebb2f87-e8bf-49c2-a469-e330b616df09,2026-02-11T19:50:21.587848,eebb2f87-e8bf-49c2-a469-e330b616df09.jpg,"Design a chair that has never existed before for a specific user and environment of your choice. Explain how its shape, materials, and features solve a real problem while also making the chair visually unique.",6,5,7,4,7,6,"The concept uses biomimicry in a highly original way, deviating significantly from standard chair archetypes.","While visually striking, the structural integrity of the mushroom material needs verification for daily heavy use.","The organic forms and texture create a stunning, sculpture-like appearance that fits well in high-end biophilic interiors.",Niche appeal. Likely successful in art/luxury markets but difficult to mass-produce or sell at affordable price points.,Excellent use of biodegradable materials. Fully compostable end-of-life cycle is a major plus.
8cb50ed4-315b-40d0-a199-f839759d7e54,2026-02-11T20:01:31.968673,8cb50ed4-315b-40d0-a199-f839759d7e54.jpg,"react-dom_client.js?v=098b9a3e:20103 Download the React DevTools for a better development experience: https://react.dev/link/react-devtools
content.js:1 Simple Autoscroll Loaded
Results.tsx:128 The width(-1) and height(-1) of chart should be greater than 0,
       please check the style of container, or the props width(100%) and height(100%),
       or add a minWidth(0) or minHeight(undefined) or use aspect(undefined) to control the
       height and width.
warn2 @ recharts.js?v=098b9a3e:9074
(anonymous) @ recharts.js?v=098b9a3e:9328
react_stack_bottom_frame @ react-dom_client.js?v=098b9a3e:18509
renderWithHooks @ react-dom_client.js?v=098b9a3e:5654
updateForwardRef @ react-dom_client.js?v=098b9a3e:7198
beginWork @ react-dom_client.js?v=098b9a3e:8735
runWithFiberInDEV @ react-dom_client.js?v=098b9a3e:997
performUnitOfWork @ react-dom_client.js?v=098b9a3e:12561
workLoopSync @ react-dom_client.js?v=098b9a3e:12424
renderRootSync @ react-dom_client.js?v=098b9a3e:12408
performWorkOnRoot @ react-dom_client.js?v=098b9a3e:11766
performWorkOnRootViaSchedulerTask @ react-dom_client.js?v=098b9a3e:13505
performWorkUntilDeadline @ react-dom_client.js?v=098b9a3e:36
<ForwardRef>
exports.createElement @ chunk-RY7GF66K.js?v=098b9a3e:793
(anonymous) @ recharts.js?v=098b9a3e:9378
react_stack_bottom_frame @ react-dom_client.js?v=098b9a3e:18509
renderWithHooksAgain @ react-dom_client.js?v=098b9a3e:5729
renderWithHooks @ react-dom_client.js?v=098b9a3e:5665
updateForwardRef @ react-dom_client.js?v=098b9a3e:7198
beginWork @ react-dom_client.js?v=098b9a3e:8735
runWithFiberInDEV @ react-dom_client.js?v=098b9a3e:997
performUnitOfWork @ react-dom_client.js?v=098b9a3e:12561
workLoopSync @ react-dom_client.js?v=098b9a3e:12424
renderRootSync @ react-dom_client.js?v=098b9a3e:12408
performWorkOnRoot @ react-dom_client.js?v=098b9a3e:11766
performWorkOnRootViaSchedulerTask @ react-dom_client.js?v=098b9a3e:13505
performWorkUntilDeadline @ react-dom_client.js?v=098b9a3e:36
<ForwardRef>
exports.jsxDEV @ react_jsx-dev-runtime.js?v=098b9a3e:247
Results @ Results.tsx:128
react_stack_bottom_frame @ react-dom_client.js?v=098b9a3e:18509
renderWithHooksAgain @ react-dom_client.js?v=098b9a3e:5729
renderWithHooks @ react-dom_client.js?v=098b9a3e:5665
updateFunctionComponent @ react-dom_client.js?v=098b9a3e:7475
beginWork @ react-dom_client.js?v=098b9a3e:8525
runWithFiberInDEV @ react-dom_client.js?v=098b9a3e:997
performUnitOfWork @ react-dom_client.js?v=098b9a3e:12561
workLoopSync @ react-dom_client.js?v=098b9a3e:12424
renderRootSync @ react-dom_client.js?v=098b9a3e:12408
performWorkOnRoot @ react-dom_client.js?v=098b9a3e:11766
performWorkOnRootViaSchedulerTask @ react-dom_client.js?v=098b9a3e:13505
performWorkUntilDeadline @ react-dom_client.js?v=098b9a3e:36
<Results>
exports.jsxDEV @ react_jsx-dev-runtime.js?v=098b9a3e:247
App @ App.tsx:16
react_stack_bottom_frame @ react-dom_client.js?v=098b9a3e:18509
renderWithHooksAgain @ react-dom_client.js?v=098b9a3e:5729
renderWithHooks @ react-dom_client.js?v=098b9a3e:5665
updateFunctionComponent @ react-dom_client.js?v=098b9a3e:7475
beginWork @ react-dom_client.js?v=098b9a3e:8525
runWithFiberInDEV @ react-dom_client.js?v=098b9a3e:997
performUnitOfWork @ react-dom_client.js?v=098b9a3e:12561
workLoopSync @ react-dom_client.js?v=098b9a3e:12424
renderRootSync @ react-dom_client.js?v=098b9a3e:12408
performWorkOnRoot @ react-dom_client.js?v=098b9a3e:11766
performWorkOnRootViaSchedulerTask @ react-dom_client.js?v=098b9a3e:13505
performWorkUntilDeadline @ react-dom_client.js?v=098b9a3e:36
<App>
exports.jsxDEV @ react_jsx-dev-runtime.js?v=098b9a3e:247
(anonymous) @ main.tsx:8
Results.tsx:128 The width(-1) and height(-1) of chart should be greater than 0,
       please check the style of container, or the props width(100%) and height(100%),
       or add a minWidth(0) or minHeight(undefined) or use aspect(undefined) to control the
       height and width.
warn2 @ recharts.js?v=098b9a3e:9074
(anonymous) @ recharts.js?v=098b9a3e:9328
react_stack_bottom_frame @ react-dom_client.js?v=098b9a3e:18509
renderWithHooksAgain @ react-dom_client.js?v=098b9a3e:5729
renderWithHooks @ react-dom_client.js?v=098b9a3e:5665
updateForwardRef @ react-dom_client.js?v=098b9a3e:7198
beginWork @ react-dom_client.js?v=098b9a3e:8735
runWithFiberInDEV @ react-dom_client.js?v=098b9a3e:997
performUnitOfWork @ react-dom_client.js?v=098b9a3e:12561
workLoopSync @ react-dom_client.js?v=098b9a3e:12424
renderRootSync @ react-dom_client.js?v=098b9a3e:12408
performWorkOnRoot @ react-dom_client.js?v=098b9a3e:11766
performWorkOnRootViaSchedulerTask @ react-dom_client.js?v=098b9a3e:13505
performWorkUntilDeadline @ react-dom_client.js?v=098b9a3e:36
<ForwardRef>
exports.createElement @ chunk-RY7GF66K.js?v=098b9a3e:793
(anonymous) @ recharts.js?v=098b9a3e:9378
react_stack_bottom_frame @ react-dom_client.js?v=098b9a3e:18509
renderWithHooksAgain @ react-dom_client.js?v=098b9a3e:5729
renderWithHooks @ react-dom_client.js?v=098b9a3e:5665
updateForwardRef @ react-dom_client.js?v=098b9a3e:7198
beginWork @ react-dom_client.js?v=098b9a3e:8735
runWithFiberInDEV @ react-dom_client.js?v=098b9a3e:997
performUnitOfWork @ react-dom_client.js?v=098b9a3e:12561
workLoopSync @ react-dom_client.js?v=098b9a3e:12424
renderRootSync @ react-dom_client.js?v=098b9a3e:12408
performWorkOnRoot @ react-dom_client.js?v=098b9a3e:11766
performWorkOnRootViaSchedulerTask @ react-dom_client.js?v=098b9a3e:13505
performWorkUntilDeadline @ react-dom_client.js?v=098b9a3e:36
<ForwardRef>
exports.jsxDEV @ react_jsx-dev-runtime.js?v=098b9a3e:247
Results @ Results.tsx:128
react_stack_bottom_frame @ react-dom_client.js?v=098b9a3e:18509
renderWithHooksAgain @ react-dom_client.js?v=098b9a3e:5729
renderWithHooks @ react-dom_client.js?v=098b9a3e:5665
updateFunctionComponent @ react-dom_client.js?v=098b9a3e:7475
beginWork @ react-dom_client.js?v=098b9a3e:8525
runWithFiberInDEV @ react-dom_client.js?v=098b9a3e:997
performUnitOfWork @ react-dom_client.js?v=098b9a3e:12561
workLoopSync @ react-dom_client.js?v=098b9a3e:12424
renderRootSync @ react-dom_client.js?v=098b9a3e:12408
performWorkOnRoot @ react-dom_client.js?v=098b9a3e:11766
performWorkOnRootViaSchedulerTask @ react-dom_client.js?v=098b9a3e:13505
performWorkUntilDeadline @ react-dom_client.js?v=098b9a3e:36
<Results>
exports.jsxDEV @ react_jsx-dev-runtime.js?v=098b9a3e:247
App @ App.tsx:16
react_stack_bottom_frame @ react-dom_client.js?v=098b9a3e:18509
renderWithHooksAgain @ react-dom_client.js?v=098b9a3e:5729
renderWithHooks @ react-dom_client.js?v=098b9a3e:5665
updateFunctionComponent @ react-dom_client.js?v=098b9a3e:7475
beginWork @ react-dom_client.js?v=098b9a3e:8525
runWithFiberInDEV @ react-dom_client.js?v=098b9a3e:997
performUnitOfWork @ react-dom_client.js?v=098b9a3e:12561
workLoopSync @ react-dom_client.js?v=098b9a3e:12424
renderRootSync @ react-dom_client.js?v=098b9a3e:12408
performWorkOnRoot @ react-dom_client.js?v=098b9a3e:11766
performWorkOnRootViaSchedulerTask @ react-dom_client.js?v=098b9a3e:13505
performWorkUntilDeadline @ react-dom_client.js?v=098b9a3e:36
<App>
exports.jsxDEV @ react_jsx-dev-runtime.js?v=098b9a3e:247
(anonymous) @ main.tsx:8
contentScript.js:2 Content script running
Results.tsx:67 Error generating PDF Error: Attempting to parse an unsupported color function ""oklch""
    at Object.parse (html2canvas.js?v=098b9a3e:1673:15)
    at parse (html2canvas.js?v=098b9a3e:3706:26)
    at new CSSParsedDeclaration2 (html2canvas.js?v=098b9a3e:3552:30)
    at new ElementContainer2 (html2canvas.js?v=098b9a3e:3756:21)
    at createContainer (html2canvas.js?v=098b9a3e:4643:10)
    at parseTree (html2canvas.js?v=098b9a3e:4646:19)
    at html2canvas.js?v=098b9a3e:7753:18
    at step (html2canvas.js?v=098b9a3e:116:17)
    at Object.next (html2canvas.js?v=098b9a3e:68:14)
    at fulfilled (html2canvas.js?v=098b9a3e:40:24)
handleDownloadPDF @ Results.tsx:67
await in handleDownloadPDF
executeDispatch @ react-dom_client.js?v=098b9a3e:13622
runWithFiberInDEV @ react-dom_client.js?v=098b9a3e:997
processDispatchQueue @ react-dom_client.js?v=098b9a3e:13658
(anonymous) @ react-dom_client.js?v=098b9a3e:14071
batchedUpdates$1 @ react-dom_client.js?v=098b9a3e:2626
dispatchEventForPluginEventSystem @ react-dom_client.js?v=098b9a3e:13763
dispatchEvent @ react-dom_client.js?v=098b9a3e:16784
dispatchDiscreteEvent @ react-dom_client.js?v=098b9a3e:16765
<button>
exports.jsxDEV @ react_jsx-dev-runtime.js?v=098b9a3e:247
Results @ Results.tsx:182
react_stack_bottom_frame @ react-dom_client.js?v=098b9a3e:18509
renderWithHooksAgain @ react-dom_client.js?v=098b9a3e:5729
renderWithHooks @ react-dom_client.js?v=098b9a3e:5665
updateFunctionComponent @ react-dom_client.js?v=098b9a3e:7475
beginWork @ react-dom_client.js?v=098b9a3e:8525
runWithFiberInDEV @ react-dom_client.js?v=098b9a3e:997
performUnitOfWork @ react-dom_client.js?v=098b9a3e:12561
workLoopSync @ react-dom_client.js?v=098b9a3e:12424
renderRootSync @ react-dom_client.js?v=098b9a3e:12408
performWorkOnRoot @ react-dom_client.js?v=098b9a3e:11766
performWorkOnRootViaSchedulerTask @ react-dom_client.js?v=098b9a3e:13505
performWorkUntilDeadline @ react-dom_client.js?v=098b9a3e:36
<Results>
exports.jsxDEV @ react_jsx-dev-runtime.js?v=098b9a3e:247
App @ App.tsx:16
react_stack_bottom_frame @ react-dom_client.js?v=098b9a3e:18509
renderWithHooksAgain @ react-dom_client.js?v=098b9a3e:5729
renderWithHooks @ react-dom_client.js?v=098b9a3e:5665
updateFunctionComponent @ react-dom_client.js?v=098b9a3e:7475
beginWork @ react-dom_client.js?v=098b9a3e:8525
runWithFiberInDEV @ react-dom_client.js?v=098b9a3e:997
performUnitOfWork @ react-dom_client.js?v=098b9a3e:12561
workLoopSync @ react-dom_client.js?v=098b9a3e:12424
renderRootSync @ react-dom_client.js?v=098b9a3e:12408
performWorkOnRoot @ react-dom_client.js?v=098b9a3e:11766
performWorkOnRootViaSchedulerTask @ react-dom_client.js?v=098b9a3e:13505
performWorkUntilDeadline @ react-dom_client.js?v=098b9a3e:36
<App>
exports.jsxDEV @ react_jsx-dev-runtime.js?v=098b9a3e:247
(anonymous) @ main.tsx:8
",6,5,7,4,7,6,"The concept uses biomimicry in a highly original way, deviating significantly from standard chair archetypes.","While visually striking, the structural integrity of the mushroom material needs verification for daily heavy use.","The organic forms and texture create a stunning, sculpture-like appearance that fits well in high-end biophilic interiors.",Niche appeal. Likely successful in art/luxury markets but difficult to mass-produce or sell at affordable price points.,Excellent use of biodegradable materials. Fully compostable end-of-life cycle is a major plus.
bd14fd6a-9e17-42c1-9ac2-8808ad808f3b,2026-02-16T13:17:20.786390,bd14fd6a-9e17-42c1-9ac2-8808ad808f3b.png,Please design a few chairs for your living room that are cool looking and pratical but not too flashy.,4,5,3,5,4,3,4,The concept shows good inventiveness in combining organic forms with functional utility.,"Highly unique approach, deviating significantly from standard archetypes.",Solves the core problem but might have some practical limitations in daily use.,The idea is communicated very clearly through the sketch and description.,"Good level of detail, though some material specifics could be more elaborated.",Technically possible but might require specialized manufacturing processes.
